,hashtag_name,owner_id,short_code,likes_count,comments_count,post_description
0,–∞–∑–æ–≤—Å–∫–∏–µ–≤–∞–ª—ã,6634621339,BmIivhXB0KW,16,0,"–ú–µ–∂–¥—É–Ω–∞—Ä–æ–¥–Ω—ã–π —Ñ–µ—Å—Ç–∏–≤–∞–ª—å –≤–æ–µ–Ω–Ω–æ-–∏—Å—Ç–æ—Ä–∏—á–µ—Å–∫–∏—Ö –∫–ª—É–±–æ–≤, –ø–æ—Å–≤—è—â—ë–Ω–Ω—ã–π –ê–∑–æ–≤—Å–∫–æ–º—É –æ—Å–∞–¥–Ω–æ–º—É —Å–∏–¥–µ–Ω–∏—é –¥–æ–Ω—Å–∫–∏—Ö –∫–∞–∑–∞–∫–æ–≤ 1641 –≥–æ–¥–∞.¬†–§–µ—Å—Ç–∏–≤–∞–ª—å –ø—Ä–æ—Ö–æ–¥–∏—Ç –Ω–∞ –ø–æ–¥–ª–∏–Ω–Ω–æ–º –º–µ—Å—Ç–µ —ç—Ç–æ–≥–æ –∏—Å—Ç–æ—Ä–∏—á–µ—Å–∫–æ–≥–æ —Å–æ–±—ã—Ç–∏—è —É –≤–∞–ª–æ–≤ –ê–∑–æ–≤—Å–∫–æ–π –∫—Ä–µ–ø–æ—Å—Ç–∏. #–∞–∑–æ–≤—Å–∫–æ–µ–æ—Å–∞–¥–Ω–æ–µ—Å–∏–¥–µ–Ω–∏–µ #–≤–æ–µ–Ω–Ω–æ–∏—Å—Ç–æ—Ä–∏—á–µ—Å–∫–∏–π—Ñ–µ—Å—Ç–∏–≤–∞–ª—å #–∞–∑–æ–≤—Å–∫–∏–µ–≤–∞–ª—ã #–∞–∑–æ–≤"
1,–∞–∑–æ–≤—Å–∫–∏–µ–≤–∞–ª—ã,3691657349,BX-xl4SFX4m,20,0,"–ê–∑–æ–≤—Å–∫–∏–µ ""–≤–∞–ª—ã"". #–ê–∑–æ–≤ #–∞–∑–æ–≤—Å–∫–∏–µ–≤–∞–ª—ã"
2,–∞–∑–æ–≤—Å–∫–∏–µ–≤–∞–ª—ã,1443954521,Bobctx7Hp9H,87,2,#—Ä–∞–±–æ—Ç–∞ #–¥–µ—Ç–∏ #–º—É–∑–µ–π #–ê–∑–æ–≤ #–∞–∑–æ–≤—Å–∫–∏–µ–≤–∞–ª—ã #–ø—Ä–∏—Ä–æ–¥–∞ #nature #naturephotography
3,–∞–∑–æ–≤—Å–∫–∏–µ–≤–∞–ª—ã,1650111810,BKObWt2Apgi,506,4,–ê–∑–æ–≤—Å–∫–∏–µ –≤–∞–ª—ã #—Ç–∞–∏—Å–∏—è¬©#–∞–∑–æ–≤—Å–∫–∏–µ–≤–∞–ª—ã
4,–∞–∑–æ–≤—Å–∫–∏–µ–≤–∞–ª—ã,974996713,BpkKcRcHqD6,52,3,"–° –ê–∑–æ–≤—Å–∫–æ–π –∫—Ä–µ–ø–æ—Å—Ç–∏ –æ—Ç–∫—Ä—ã–≤–∞–µ—Ç—Å—è –æ—Ç–ª–∏—á–Ω—ã–π –≤–∏–¥ –Ω–∞  –±–µ—Ä–µ–≥–∞ –î–æ–Ω–∞, –∞ –≤ –±–∏–Ω–æ–∫—É–ª—è—Ä –≤–∏–¥–Ω–æ –Ω–∞—à—É –õ–µ–≤–µ–Ω—Ü–æ–≤–∫—É, –∫–∞–∫ –Ω–∞ –ª–∞–¥–æ–Ω–∏üëçüèº
–í–Ω–∏–∑—É –ê–∑–æ–≤—Å–∫–∏–π –º–æ—Ä—Å–∫–æ–π –ø–æ—Ä—Ç. –ü—Ä–∞–≤–¥–∞ –¥–æ –º–æ—Ä—è –æ—Ç –Ω–µ–≥–æ –¥–∞–ª–µ–∫–æü§îüëÄ
#–ø–æ—Ä—Ç–µ—Å—Ç—å–∞–º–æ—Ä—è–Ω–µ—Ç#—Å—Ç—Ä–∞–Ω–Ω–æ#–∞–∑–æ–≤—Å–∫–∏–µ–≤–∞–ª—ã"
5,–∞–∑–æ–≤—Å–∫–∏–µ–≤–∞–ª—ã,3643105491,BxBTkA2nNnH,31,1,"–ê–∑–æ–≤—Å–∫–∞—è –∫—Ä–µ–ø–æ—Å—Ç—å
#–∞–∑–æ–≤ #–∞–∑–æ–≤—Å–∫–∞—è–∫—Ä–µ–ø–æ—Å—Ç—å #–∞–∑–æ–≤—Å–∫–∏–µ–≤–∞–ª—ã #–ø—É—Ç–µ—à–µ—Å—Ç–≤–∏—è"
6,–∞–∑–æ–≤—Å–∫–∏–µ–≤–∞–ª—ã,6795457816,B4uO2_3lnHp,121,9,"–ù–∞—á–∞–ª —Ä–∞–∑–±–∏—Ä–∞—Ç—å—Å—è —Å –∫—Ä–µ–ø–æ—Å—Ç—è–º–∏ -–ó–≤—ë–∑–¥–∞–º–∏ –≤ –†–æ—Å—Ç–æ–≤—Å–∫–æ–π –æ–±–ª–∞—Å—Ç–∏.–ù–∞—á–∞–ª —Å –ê–∑–æ–≤–∞( —Å—Ç–∞—Ä–æ–µ –Ω–∞–∑–≤–∞–Ω–∏–µ –ê—Å–æ–≤).–ù–µ–¥–∞–≤–Ω–æ –≤—ã—Å—Ç–∞–≤–∏–ª –ø–æ—Å—Ç –æ –∫—Ä–µ–ø–æ—Å—Ç–∏, –≤–∏–∑—É–∞–ª—å–Ω–æ —ç—Ç–æ –∑–∞—Å—ã–ø–∞–Ω–Ω—ã–µ –≤–∞–ª—ã –≥–ª–∏–Ω–æ–π –∏ —Å–µ–ª—å—é  –Ω–∞—Å–ª–µ–¥–∏–µ –ï–≤—Ä–æ–∞–∑–∏–∞—Ç—Å–∫–æ–≥–æ –ø–æ—Ç–æ–ø–∞ 18 –≤–µ–∫–∞.–í —Å—É—â–µ—Å—Ç–≤–æ–≤–∞–Ω–∏–∏ –∫–æ—Ç–æ—Ä–æ–≥–æ —è –ª–∏—á–Ω–æ –Ω–µ —Å–æ–º–Ω–µ–≤–∞—é—Å—å. –ù–∞—à—ë–ª —Å—Ç–∞—Ä—ã–µ –∫–∞—Ä—Ç—ã –¥–µ–π—Å—Ç–≤–∏—Ç–µ–ª—å–Ω–æ —ç—Ç–æ –∫—Ä–µ–ø–æ—Å—Ç—å –ó–≤–µ–∑–¥–∞.–ü—Ä–∏—á—ë–º –æ–Ω–∞ —Ä–∞—Å–ø–æ–ª–∞–≥–∞–ª–∞—Å—å –ø–æ –æ–±–µ —Å—Ç–æ—Ä–æ–Ω—ã —Ä–µ–∫–∏ –î–æ–Ω(–¢–∞–Ω–∞–∏—Å).–ë–æ–π–Ω–∏—Ü—ã –≤ –∫—Ä–µ–ø–æ—Å—Ç–∏ –Ω–∞–ø—Ä–∞–≤–ª–µ–Ω—ã –≤ —Å—Ç–æ—Ä–æ–Ω—É –≥–æ—Ä–æ–¥–∞ –∞ –Ω–µ –≤ —Å—Ç–æ—Ä–æ–Ω—É —Ä–µ–∫–∏.–£–≤–µ–ª–∏—á–∏–ª –∏ –ø–æ–∫–∞–∑–∞–ª —Å—Ç–∞—Ä–æ–µ –Ω–∞–∑–≤–∞–Ω–∏–µ –î–æ–Ω—Å–∫–æ–π –∑–µ–º–ª–∏--- –ß–µ—Ä–∫–∞—Å—Å–∫–∞—è -–¢–∞—Ä—Ç–∞—Ä–∏—è,–≤—Ö–æ–¥—è—â–∞—è –≤ —Å–æ—Å—Ç–∞–≤ –í–µ–ª–∏–∫–æ–π –¢–∞—Ä—Ç–∞—Ä–∏–∏ —Å–æ —Å—Ç–æ–ª–∏—Ü–µ–π  –¢–æ–±–æ–ª—å—Å–∫. –ù–∏–∂–µ –Ω–∞ —Ç–µ—Ä—Ä–∏—Ç–æ—Ä–∏–∏ –ö—Ä–∞—Å–Ω–æ–¥–∞—Ä—Å–∫–æ–≥–æ –∫—Ä–∞—è –ö—É–±–∞–Ω—Å–∫–∞—è –¢–∞—Ä—Ç–∞—Ä–∏—è.–û—Ñ–∏—Ü–∏–∞–ª—å–Ω–æ –ø—Ä–∏–Ω—è—Ç–æ —Å—á–∏—Ç–∞—Ç—å ,—á—Ç–æ –¥–∞—Ç–∞ –ø–æ—Å—Ç—Ä–æ–π–∫–∏ –∫—Ä–µ–ø–æ—Å—Ç–∏ –ø—Ä–∏–º–µ—Ä–Ω–æ 1698-1701 –≥–æ–¥ –ü–µ—Ç—Ä–æ–º –í–µ–ª–∏–∫–∏–º.–ù–æ –µ—Å—Ç—å –¥–æ–∫—É–º–µ–Ω—Ç—ã –ø–æ–¥—Ç–≤–µ—Ä–∂–¥–∞—é—â–∏–µ ,—á—Ç–æ –Ω–∞ –º–æ–º–µ–Ω—Ç –Ω–∞–±–µ–≥–æ–≤ —Ç—É—Ä–∫–æ–≤ –Ω–∞ –ß–µ—Ä–∫–∞—Å—Å–æ–≤ –≤ 1495 –≥–æ–¥—É –∫—Ä–µ–ø–æ—Å—Ç—å —É–∂–µ –±—ã–ª–∞ –∏ –∫ –ü–µ—Ç—Ä—É –†–æ–º–∞–Ω–æ–≤—É –Ω–∏–∫–∞–∫–æ–≥–æ –æ—Ç–Ω–æ—à–µ–Ω–∏—è –Ω–µ –∏–º–µ–µ—Ç. –í–æ–∑–º–æ–∂–Ω–æ –ø—Ä–æ—Å—Ç–æ –≤ –¥–∞–ª—å–Ω–µ–π—à–µ–º –∏—Å–ø–æ–ª—å–∑–æ–≤–∞–ª–∏ –µ—ë –¥–ª—è —Å–≤–æ–∏—Ö –Ω—É–∂–¥.–°–∏–ª–∞ –ø–æ—Ç–æ–ø–∞ –≤ —ç—Ç–æ–º –º–µ—Å—Ç–µ –±—ã–ª–∞ —Ç–∞–∫–æ–≤–∞ ,—á—Ç–æ –æ—Ç –ø—Ä–∞–≤–æ–π —á–∞—Å—Ç–∏ —Ñ–æ—Ä–ø–æ—Å—Ç–∞ –Ω–µ –æ—Å—Ç–∞–ª–æ—Å—å –Ω–∏—á–µ–≥–æ ,–∞ –ª–µ–≤–∞—è –º–µ—Ç—Ä–æ–≤ –Ω–∞ 15-20 –∑–∞—Å—ã–ø–∞–Ω–∞ –ø–æ–ª–Ω–æ—Å—Ç—å—é –≥–ª–∏–Ω–æ–π.–í–Ω—É—Ç—Ä–∏ –≤–∞–ª–æ–≤ –æ—Ç–ª–∏—á–Ω–æ –≤–∏–¥–Ω–∞ –∫–∏—Ä–ø–∏—á–Ω–∞—è –∫–ª–∞–¥–∫–∞ .–£–¥–∏–≤–ª—è–µ—Ç —Ç–æ ,—á—Ç–æ –Ω–∏—á–µ–≥–æ –Ω–µ —Ä–∞—Å–∫–∞–ø—ã–∞–∞—é—Ç.–£ –æ–¥–Ω–æ–≥–æ –∏—Å—Å–ª–µ–¥–æ–≤–∞–≤—à–µ–≥–æ –≤–∞–ª—ã —Ç—É—Ä–∏—Å—Ç–∞ —Å–ø—Ä–æ—Å–∏–ª: –ê –≤–∞—Å –Ω–µ —É–¥–∏–≤–ª—è–µ—Ç ,—á—Ç–æ –≤—Å–µ –∑–∞—Å—ã–ø–∞–Ω–æ –≥–ª–∏–Ω–æ–π? –¢–æ—Ç –æ—Ç–≤–µ—Ç–∏–ª ,—è –¥–∞–∂–µ –Ω–µ –∑–∞–¥—É–º—ã–≤–∞—é—Å—å –æ–± —ç—Ç–æ–º.–í–æ—Ç –∏ –≤—Å–µ.–ö—Ä–µ–ø–æ—Å—Ç—å –ø–æ–¥ –∑–µ–º–ª—ë–π ,–∞ –Ω–∏–∫—Ç–æ –Ω–µ –∑–∞–¥—É–º—ã–≤–∞–µ—Ç—Å—è.–Ø –∑–∞–º–µ—Ç–∏–ª ,—á—Ç–æ –∑–≤–µ–∑–¥—ã –∫—Ä–µ–ø–æ—Å—Ç–∏ –¥—É–±–ª–∏—Ä—É—é—Ç—Å—è –∏—Ö –ø–æ –¥–≤–æ–µ.–í –¥–∞–ª—å–Ω–µ–π—à–µ–º –ø–æ–∫–∞–∂—É –Ω–∞ –ø—Ä–∏–º–µ—Ä–µ –¢–∞–≥–∞–Ω—Ä–æ–≥–∞ –∏ –ü–∞–≤–ª–æ–≤—Å–∫–æ–π –∫—Ä–µ–ø–æ—Å—Ç–∏ –∏ –°—Ç–∞—Ä–æ—á–µ—Ä–∫–∞—Å—Å–∫–∞ –∏ –∫—Ä–µ–ø–æ—Å—Ç–∏ —Å–≤.–ê–Ω–Ω—ã.#–∞–∑–æ–≤#–∞—Å–æ–≤#–∫—Ä–µ–ø–æ—Å—Ç–∏–∑–≤–µ–∑–¥—ã—Ä–æ—Å—Ç–æ–≤—Å–∫–æ–π–æ–±–ª–∞—Å—Ç–∏#–¥–æ–Ω—Å–∫–∞—è–∑–µ–º–ª—è#–∞–ª—å—Ç–µ—Ä–Ω–∞—Ç–∏–≤–Ω–∞—è–∏—Å—Ç–æ—Ä–∏—è#–∞–∑–æ–≤–∫—Ä–µ–ø–æ—Å—Ç—å–∑–≤–µ–∑–¥–∞#–∞–∑–æ–≤—Å–∫–∏–µ–≤–∞–ª—ã.#—á–µ—Ä–∫–∞—Å—Å–∫–∞—è—Ç–∞—Ä—Ç–∞—Ä–∏—è#–¥–æ–Ω–æ–≤–µ–¥–µ–Ω–∏–µ"
